id;nombre;llave;valor;descripcion
1;Summit hardware;compressing;teal matrix;USB
2;hacking;TCP;Interactions Baby;index
3;payment orange Fresh;Granite functionalities navigate;withdrawal Zambian Kwacha;Programmable Avon
4;Awesome Fresh Tuna;supply-chains Inverse Realigned;Chips Refined Fresh Hat;Games Forest transition
5;azure invoice schemas;Run;Square web-enabled;Incredible Rubber Shoes online
6;Quality;Djibouti Franc;Configuration infrastructures synergistic;envisioneer Salad
7;Metal Games;deposit Ports Outdoors;end-to-end Persistent;Handcrafted cross-platform
8;Kansas;SDR Operative Team-oriented;Fish Keyboard Configuration;Seychelles
9;strategy;Rustic lime Rubber;Pa'anga Fresh Health;Chief repurpose
10;Visionary;Money Market Account Neck;monitor;static customized scalable
