id;nombre;fecha_inicio;fecha_fin;ubicacion
1;Director Director Technician;2020-05-14T11:26:10;2020-05-14T21:46:59;Zimbabwe De-engineered
2;Assistant Djibouti Franc;2020-05-15T00:09:40;2020-05-14T19:07:30;Assurance Plastic
3;Implemented;2020-05-14T13:04:45;2020-05-14T06:52:19;Pass Unbranded Wooden Bacon B2B
4;synergize Principal;2020-05-14T14:57:40;2020-05-14T12:48:30;West Virginia
5;utilize Mouse;2020-05-14T09:50:39;2020-05-14T16:12:59;Incredible
6;connecting;2020-05-14T00:47:28;2020-05-14T06:05:18;SCSI Ports
7;bandwidth Sports;2020-05-14T11:09:14;2020-05-14T17:06:07;Planner collaboration Baby
8;homogeneous Table;2020-05-14T05:29:59;2020-05-14T04:50:32;killer Sports
9;Kentucky South Dakota SDR;2020-05-14T08:48:19;2020-05-14T23:07:23;driver
10;Kansas Groves Auto Loan Account;2020-05-14T05:26:30;2020-05-14T12:19:27;copy Savings Account Borders
