id;nombre;web;fecha_registro
1;Product Estate Practical Cotton Salad;pink orchestration e-markets;2020-05-14T01:43:25
2;infrastructures throughput;Multi-channelled Bike;2020-05-14T18:37:19
3;Sleek Ergonomic Cotton Table;Program Investor;2020-05-14T11:22:56
4;Checking Account Soft;scalable Union Virginia;2020-05-14T05:30:13
5;transmitting Bike plug-and-play;New Mexico Profound;2020-05-14T18:16:27
6;Fantastic Soft Computer asynchronous IB;HTTP Togo;2020-05-14T14:43:42
7;Sleek;overriding;2020-05-14T20:58:37
8;Credit Card Account SSL Bacon;interactive;2020-05-14T12:32:25
9;pixel Personal Loan Account;azure repurpose;2020-05-14T09:04:02
10;Assurance;New Jersey;2020-05-14T03:42:23
