id;nombres;apellidos;numero_idenficacion;email
1;Ergonomic contextually-based Trace;Avon Illinois uniform;architectures;Josue.Bosco42@hotmail.com
2;Manors Borders;transmitting Fantastic feed;backing up;Lee.Johnston55@gmail.com
3;alliance;Cambridgeshire;Practical Fresh Gloves Implementation Louisiana;Zetta_Russel36@yahoo.com
4;help-desk;ROI;Unbranded;Barrett62@hotmail.com
5;TCP CFP Franc;withdrawal indexing;Representative Granite;Regan32@gmail.com
6;Phased Consultant;challenge Metal;Savings Account;Emmalee.Auer21@gmail.com
7;USB instruction set Myanmar;Assurance Licensed redundant;deposit transition;Hayden.Ritchie@yahoo.com
8;grey utilize granular;Credit Card Account;Music Credit Card Account;Orlo.Bruen45@hotmail.com
9;Concrete Planner models;AGP Personal Loan Account;whiteboard;Zackary.Kshlerin70@hotmail.com
10;EXE Awesome;West Virginia;web-readiness;Issac_Schoen@hotmail.com
